{"_wandb":{"runtime":1},"_runtime":1,"_step":0,"train_loss":54888.7734375,"_timestamp":1.768683014290668e+09}