{"_step":0,"train_loss":55174.5546875,"_wandb":{"runtime":2},"_runtime":2,"_timestamp":1.7686838650051062e+09}