{"train_loss":11440.701171875,"_timestamp":1.768682224176471e+09,"_step":1199,"_wandb":{"runtime":93},"_runtime":93}