{"_wandb":{"runtime":1},"_runtime":1,"_step":0,"train_loss":54991.39453125,"_timestamp":1.7686840565624712e+09}